<?xml version="1.0" encoding="UTF-8"?>
        <!DOCTYPE generatorConfiguration
                PUBLIC "-//mybatis.org//DTD MyBatis Generator Configuration 1.0//EN"
                "http://mybatis.org/dtd/mybatis-generator-config_1_0.dtd">

<generatorConfiguration>
<context id="DB2Tables" targetRuntime="MyBatis3">
    <plugin type="com.xxg.mybatis.plugins.MySQLLimitPlugin"></plugin>
    <jdbcConnection driverClass="com.mysql.jdbc.Driver"
                    connectionURL="jdbc:mysql://rm-bp1utr02m6tp303p9.mysql.rds.aliyuncs.com:3306/shield_00"
                    userId="za_dev_shield"
                    password="za_dev_shield_0af896">
    </jdbcConnection>
    <javaTypeResolver >
        <property name="forceBigDecimals" value="false" />
    </javaTypeResolver>

    <javaModelGenerator targetPackage="com.zhongan.pierce.jdbc.model" targetProject=".\src\main\java">
        <property name="enableSubPackages" value="true" />
        <property name="trimStrings" value="true" />
    </javaModelGenerator>

    <sqlMapGenerator targetPackage="mapper"  targetProject=".\src\main\resources">
        <property name="enableSubPackages" value="true" />
    </sqlMapGenerator>

    <javaClientGenerator type="XMLMAPPER" targetPackage="com.zhongan.pierce.jdbc.dao"  targetProject=".\src\main\java">
        <property name="enableSubPackages" value="true" />
    </javaClientGenerator>
    <!--
    <table schema="shield_00" tableName="batch_step_execution" domainObjectName="BatchStepExecution" >
        <property name="useActualColumnNames" value="false"/>
        <property name="implements" value="java.io.Serializable,
	        com.zhongan.puffpastry.core.jdbc.ISoftDelete,
	        com.zhongan.puffpastry.core.jdbc.IGMTRecord"/>
    </table>
    -->
    <!--<table schema="shield_00" tableName="sd_datax_odps_detail" domainObjectName="DataxOdpsDetail" >
        <property name="useActualColumnNames" value="false"/>
        <property name="implements" value="java.io.Serializable,
	        com.zhongan.puffpastry.core.jdbc.ISoftDelete,
	        com.zhongan.puffpastry.core.jdbc.IGMTRecord"/>
    </table>-->
    <!--<table schema="shield_00" tableName="sd_datax_odps" domainObjectName="DataOdps" >
    <property name="useActualColumnNames" value="false"/>
    <property name="implements" value="java.io.Serializable,
	        com.zhongan.puffpastry.core.jdbc.ISoftDelete,
	        com.zhongan.puffpastry.core.jdbc.IGMTRecord"/>
        <generatedKey column="ID" sqlStatement="MySql" identity="true"/>
    </table>-->
    <!--<table schema="shield_00" tableName="user_group_person_index" domainObjectName="UserGroupPersonIndex" >
        <property name="useActualColumnNames" value="false"/>
        <property name="implements" value="java.io.Serializable,
	        com.zhongan.puffpastry.core.jdbc.ISoftDelete,
	        com.zhongan.puffpastry.core.jdbc.IGMTRecord"/>
    </table>-->
    <!--<table schema="shield_00" tableName="user_group_person_index" domainObjectName="UserGroupPersonIndex" >
        <property name="useActualColumnNames" value="false"/>
        <property name="implements" value="java.io.Serializable,
	        com.zhongan.puffpastry.core.jdbc.ISoftDelete,
	        com.zhongan.puffpastry.core.jdbc.IGMTRecord"/>
    </table>-->
    <!--<table schema="shield_00" tableName="index_info" domainObjectName="IndexInfo" >
        <property name="useActualColumnNames" value="false"/>
        <property name="implements" value="java.io.Serializable,
	        com.zhongan.puffpastry.core.jdbc.ISoftDelete,
	        com.zhongan.puffpastry.core.jdbc.IGMTRecord"/>
        <generatedKey column="ID" sqlStatement="MySql" identity="true"/>
    </table>-->
    <!--<table schema="shield_00" tableName="vary_info" domainObjectName="VaryInfo" >
        <property name="useActualColumnNames" value="false"/>
        <property name="implements" value="java.io.Serializable,
	        com.zhongan.puffpastry.core.jdbc.ISoftDelete,
	        com.zhongan.puffpastry.core.jdbc.IGMTRecord"/>
        <generatedKey column="ID" sqlStatement="MySql" identity="true"/>
        <columnOverride column="lock_is_display" javaType="java.lang.Integer"/>
        <columnOverride column="lock_is_category" javaType="java.lang.Integer"/>
    </table>-->
    <table schema="shield_00" tableName="user_group" domainObjectName="UserGroup" >
        <property name="useActualColumnNames" value="false"/>
        <property name="implements" value="java.io.Serializable,
	        com.zhongan.puffpastry.core.jdbc.ISoftDelete,
	        com.zhongan.puffpastry.core.jdbc.IGMTRecord"/>
        <generatedKey column="ID" sqlStatement="MySql" identity="true"/>
        <columnOverride column="type" javaType="java.lang.Integer"/>
        <columnOverride column="es_type" javaType="java.lang.Integer"/>
        <columnOverride column="spilt_percent" javaType="java.lang.Integer"/>
    </table>
    <!--<table schema="shield_00" tableName="user_group_person" domainObjectName="UserGroupPerson" >
        <property name="useActualColumnNames" value="false"/>
        <property name="implements" value="java.io.Serializable,
	        com.zhongan.puffpastry.core.jdbc.ISoftDelete,
	        com.zhongan.puffpastry.core.jdbc.IGMTRecord"/>
    </table>-->
    <!--<table schema="shield_00" tableName="vary_condition" domainObjectName="VaryCondition" >
        <property name="useActualColumnNames" value="false"/>
        <property name="implements" value="java.io.Serializable,
	        com.zhongan.puffpastry.core.jdbc.ISoftDelete,
	        com.zhongan.puffpastry.core.jdbc.IGMTRecord"/>
        <generatedKey column="ID" sqlStatement="MySql" identity="true"/>
    </table>-->
    <!--
    <table schema="shield_00" tableName="vary_info_categroy" domainObjectName="VaryInfoCategory" >
        <property name="useActualColumnNames" value="false"/>
        <property name="implements" value="java.io.Serializable,
	        com.zhongan.puffpastry.core.jdbc.ISoftDelete,
	        com.zhongan.puffpastry.core.jdbc.IGMTRecord"/>
        <generatedKey column="ID" sqlStatement="MySql" identity="true"/>
    </table>
    <table schema="shield_00" tableName="user_prediction_info" domainObjectName="UserPredictionInfo" >
        <property name="useActualColumnNames" value="false"/>
        <property name="implements" value="java.io.Serializable,
	        com.zhongan.puffpastry.core.jdbc.ISoftDelete,
	        com.zhongan.puffpastry.core.jdbc.IGMTRecord"/>
        <generatedKey column="ID" sqlStatement="MySql" identity="true"/>
    </table>

    <table schema="shield_00" tableName="vary_condition" domainObjectName="VaryCondition" >
        <property name="useActualColumnNames" value="false"/>
        <property name="implements" value="java.io.Serializable,
	        com.zhongan.puffpastry.core.jdbc.ISoftDelete,
	        com.zhongan.puffpastry.core.jdbc.IGMTRecord"/>
        <generatedKey column="ID" sqlStatement="MySql" identity="true"/>
    </table>

    <table schema="shield_00" tableName="vary_value_enum" domainObjectName="VaryValueEnum" >
        <property name="useActualColumnNames" value="false"/>
        <property name="implements" value="java.io.Serializable,
	        com.zhongan.puffpastry.core.jdbc.ISoftDelete,
	        com.zhongan.puffpastry.core.jdbc.IGMTRecord"/>
        <generatedKey column="ID" sqlStatement="MySql" identity="true"/>
    </table>

    <table schema="shield_00" tableName="index_vary_ref" domainObjectName="IndexVaryRef" >
        <property name="useActualColumnNames" value="false"/>
        <property name="implements" value="java.io.Serializable,
	        com.zhongan.puffpastry.core.jdbc.ISoftDelete,
	        com.zhongan.puffpastry.core.jdbc.IGMTRecord"/>
        <generatedKey column="ID" sqlStatement="MySql" identity="true"/>
    </table>-->

    <!--<table schema="shield_00" tableName="sd_group_file" domainObjectName="GroupFile" >
        <property name="useActualColumnNames" value="false"/>
        <property name="implements" value="java.io.Serializable,
	        com.zhongan.puffpastry.core.jdbc.ISoftDelete,
	        com.zhongan.puffpastry.core.jdbc.IGMTRecord"/>
    </table>
    <table schema="shield_00" tableName="sd_group_odps" domainObjectName="GroupOdps" >
        <property name="useActualColumnNames" value="false"/>
        <property name="implements" value="java.io.Serializable,
	        com.zhongan.puffpastry.core.jdbc.ISoftDelete,
	        com.zhongan.puffpastry.core.jdbc.IGMTRecord"/>
    </table>
    -->
    <!--<table schema="shield_00" tableName="sd_datax_odps" domainObjectName="DataOdps" >
        <property name="useActualColumnNames" value="false"/>
        <property name="implements" value="java.io.Serializable,
	        com.zhongan.puffpastry.core.jdbc.ISoftDelete,
	        com.zhongan.puffpastry.core.jdbc.IGMTRecord"/>
    </table>-->
    <!--
    <table schema="shield_00" tableName="sd_datax_odps_detail" domainObjectName="DataOdps" >
        <property name="useActualColumnNames" value="false"/>
        <property name="implements" value="java.io.Serializable,
	        com.zhongan.puffpastry.core.jdbc.ISoftDelete,
	        com.zhongan.puffpastry.core.jdbc.IGMTRecord"/>
    </table>
    <table schema="shield_00" tableName="sd_group_portrait" domainObjectName="GroupPortrait" >
        <property name="useActualColumnNames" value="false"/>
        <property name="implements" value="java.io.Serializable,
	        com.zhongan.puffpastry.core.jdbc.ISoftDelete,
	        com.zhongan.puffpastry.core.jdbc.IGMTRecord"/>
    </table>-->
    <!--<table schema="shield_00" tableName="sd_manager_log" domainObjectName="ManagerLog" >
        <property name="useActualColumnNames" value="false"/>
        <property name="implements" value="java.io.Serializable,
	        com.zhongan.puffpastry.core.jdbc.ISoftDelete,
	        com.zhongan.puffpastry.core.jdbc.IGMTRecord"/>
    </table>-->
    <!--<table schema="shield_00" tableName="user_portrait_analysis_plan" domainObjectName="UserPortraitAnalysisPlan" >
        <property name="useActualColumnNames" value="false"/>
        <property name="implements" value="java.io.Serializable,
	        com.zhongan.puffpastry.core.jdbc.ISoftDelete,
	        com.zhongan.puffpastry.core.jdbc.IGMTRecord"/>
    </table>-->
</context>
</generatorConfiguration>